"652840964326954,NEZND,07/2025,uluyc,hjsjz"
"9670599345747083,YSOUJ,11/2027,dajgo,qvuzy"
"742752159230725,SQLYV,07/2029,fqooz,wcdkw"
"4617956856704810,HSAZK,04/2021,krdpr,fvpry"
"9880527495832382,MRADX,05/2031,hkdtq,tczkp"
"4243169267191954,PYYGD,12/2041,uylom,estmq"
"2267736258754773,PZLKI,06/2017,ttqgc,uxbao"
"6100467660663362,DCCQU,06/2021,uupzk,yriua"
"7017918995030150,RGGOB,03/2022,vyibt,wgabn"
"8803653208364168,ABINW,04/2034,yckje,dqgml"
"9817945725904832,UAQNC,05/2022,xtqpu,tcqrc"
"8103665524023312,CETBW,07/2022,omebm,fxooq"
"6976084806102718,YWGYH,12/2022,wycrr,uwblx"
"2253504738644885,JDIGQ,02/2020,hyudq,slrpq"
"714897079898742,RZZKF,09/2018,xgqbe,pugwf"
"3303918337300219,SNNYH,03/2036,lwouy,uxspa"
"4638981933049661,KCFNE,08/2027,qowtq,qwkoe"
"6852670696036350,HZQQI,11/2028,qhfjl,wvawx"
"7948883149022461,URNGS,04/2020,ugyhk,zkrbr"
"8311743556000304,KXGZI,06/2037,lzoqp,qcxxp"
"1750757565346468,NBMRB,12/2035,nsass,isvan"
"9951350024305622,DDTHT,07/2034,adagi,kgrwc"
"8952920908986517,LBQBV,03/2021,nsgzt,ofjuj"
"7915137728540770,TLCDD,12/2026,evepl,iryqr"
"5425539355723859,NIXWH,06/2039,gueyw,moppa"
"6882653972281010,FSUSV,03/2031,dhvzf,ureyz"
"8516946904404170,OEEQA,11/2032,xotln,eftoa"
"7184175948015795,JGIWJ,09/2023,qcaoe,dnlkm"
"8277075651876650,BKRBP,12/2019,cmboh,rwcqm"
"6127737588377907,WQPOM,04/2037,xctrg,ualqf"
"5365955364961822,NHTDR,06/2017,vcyun,oezun"
"6838396471526909,XTWFC,02/2024,ytpsx,txtdv"
"9108509857275975,CYGID,05/2023,mgiok,rzfny"
"9988153730986245,ICTIJ,12/2033,ddjoh,nzjio"
"3205653246039607,XZKZI,04/2040,awush,rbbsj"
"7765719961137704,NSFYU,08/2021,yzurn,jglgq"
"8138744683258792,ZSXBT,07/2017,ajnzi,nxskv"
"916794965146713,NINJJ,06/2034,bmnga,osatd"
"7803112796363888,NCIMZ,06/2036,achbk,muivp"
"8521615434154962,QGWEF,06/2020,ulije,qmnkd"
"7404105205499949,IOCZQ,01/2029,unxvr,pgebf"
"5974381365523815,CNTPX,11/2019,ilfht,lpncf"
"2694308608252469,DPDRS,05/2021,xoewt,gpvpe"
"2969415714294920,IHAVI,11/2018,pfeac,ixrac"
"6932564674961455,WIPUC,10/2027,yylvt,vxqdk"
"745127953404165,JRTEN,02/2027,ukwmz,zbdpa"
"4491093083443179,VDZRG,09/2038,tmifp,yetkc"
"5305826776645241,WYHRX,09/2039,dtqbw,mrkoe"
"5848609943212899,VGBQF,08/2035,vnbrr,iyusp"
"5164865237636852,ERKGD,09/2024,gdizr,ofahk"
"5253980147507711,XNZHF,10/2025,veddi,audds"
"6012312481144941,VSYBE,03/2031,sfwfx,dqfdi"
"136011408411461,UYSHI,09/2037,rdzbi,fyywl"
"3382922601380065,HPBWO,01/2021,mekug,cglwx"
"7761052247092699,JXLLS,09/2034,qfhmf,btskn"
"7827214044131305,RPBPP,04/2032,mxxyu,rtprc"
"7603893524530810,EIBUD,01/2020,dbnex,vvxxs"
"2639571976972073,EDMQY,02/2028,vzxry,yxxyq"
"3680911811525863,EVAPS,01/2029,lmnna,qakfr"
"2908321157894037,LBYZX,04/2018,cayet,qpgoe"
"9319299734793961,TXMYH,11/2041,fdxxd,ukcds"
"877816468135359,RXERI,11/2028,yvfdn,jvxjf"
"3728306758163437,FXJGC,02/2038,ghylz,bhcsv"
"3230277392820924,OYRLP,12/2025,ixugt,chlqt"
"3229556383170193,TLTXB,09/2032,niaoz,ghdxj"
"9331654617060676,COSBP,06/2026,caith,waais"
"5159394384121478,BBVWM,10/2035,tytou,jtpid"
"8950535932836284,MXWUP,12/2021,hjpfj,ashxr"
"7721545186956952,DWYBI,04/2026,awvec,snydh"
"9154844999083554,OXBAN,01/2030,djeuw,cuukj"
"819083207754217,WLEST,09/2040,wiaks,aahll"
"3015984727913652,QHXSF,08/2022,zwwnd,omjhl"
"9758469371288121,VSYBT,03/2041,nvgsp,notqz"
"8642294769582704,CFHMW,11/2021,vgkvh,lapat"
"741015150258861,VUQLI,05/2025,ymutq,idbdx"
"1691579887888518,WBJCX,03/2027,zufdt,ciyra"
"7868407912053076,OOWZL,03/2039,rcygg,yuqsh"
"5636312066149495,GGMWT,08/2023,sneos,vbhax"
"417432751339485,OCOTI,01/2033,ndpqo,gnpzp"
"5270976330228309,NUOHC,09/2025,cdtiu,azhkw"
"5566908841627498,FJBCO,08/2034,vpfhm,jtvdp"
"3988762469208593,YULUB,01/2021,joscb,ujhse"
"8853594181689799,IQRID,02/2041,imtgq,jxoqt"
"782389904743172,UXTVB,01/2034,biuep,vyxrb"
"7464471156832019,KMGOU,05/2035,pgjso,kyfpz"
"4637997736727732,VDLVL,11/2030,uoiky,eeuft"
"7393506744930576,LXOEQ,02/2026,rdozj,zwzbi"
"5833894517843905,OSEUF,06/2035,ijrsx,bvqwi"
"1305114292607511,YKCGU,12/2039,tmuwg,qikwo"
"9630695233030255,SKYKG,05/2019,tvbpl,dbslq"
"3743421806280049,LGDGD,09/2040,pzdfy,csodm"
"8317122815815016,QCSMK,05/2019,ktrwc,fzfdd"
"8646645177635245,BIHBQ,06/2021,rqvaw,lsmqa"
"9737602886644459,UKRFB,10/2021,wmkbe,abvfy"
"4985006715495215,FKBRF,06/2026,wxgyn,txost"
"8117437425231009,VHBPT,02/2037,tiwhm,gaqam"
"5336685636416518,RVAAI,12/2035,pwmlc,zjssc"
"5057865825077828,JDITU,03/2027,ibwrv,ubksu"
"9936610274778130,VUFOL,03/2039,bauug,lusay"
"2921977644805291,OBADS,03/2034,ijiyw,vluyd"
