"2044053786420842,YOHIO,02/2017,ofsuf,eiigd"
"6507551527401275,HDSYD,06/2019,xbsyj,dqlhx"
"4193108335588916,NOKBR,04/2024,jmdwy,vfqoj"
"120990055783503,GXLRE,01/2022,qpnly,ouibm"
"641496424277448,RVGIP,11/2028,bobav,exjav"
"8597111150574631,SQWSK,05/2041,wdmxq,cyrcv"
"1683539347371302,QXBMB,04/2032,jjchy,dpsck"
"9661954207125500,UBSTX,10/2027,ovjsp,dskqe"
"7926614602944775,DIAVM,02/2036,tgllk,bjsvf"
"3987278899597864,YHMPE,03/2024,fanla,phpzl"
"5410659939056050,GOUFM,09/2030,bnbfa,tokol"
"1797972957461195,KAYXT,08/2022,iwvbo,octba"
"7777259096190164,BZITR,06/2029,eygpb,sccip"
"715255077776240,KWASL,03/2029,ulvlb,jufmr"
"4076184411456468,QAPNP,10/2023,wqtly,emgek"
"3283151964089904,TPLLC,07/2037,zlryb,fujsp"
"2368876004579505,BKTIB,03/2021,ookjj,ieltj"
"7522508311504697,BXRQO,08/2036,cwmjr,jfnmx"
"1240829075199035,UBMKV,01/2020,qohui,olenp"
"9619533926487154,FNPUA,11/2021,etzzn,xzfyz"
"2822590689076951,UUCUL,06/2028,orand,wuagi"
"8746915867759507,GYVLM,08/2022,oswou,onqqk"
"2990597443127301,TRYMU,10/2030,heeib,syzmk"
"6629811097813140,VOPIJ,01/2035,rpniu,wgked"
"7575242153525316,WBUSI,08/2022,jzxhf,dxebw"
"3412993128617074,SJKLZ,02/2031,gjevm,qdina"
"344348090962750,PCSQO,08/2040,xurvi,jcssg"
"8805190837898738,FSIUD,04/2037,ehtfr,fnxhv"
"5977039847991439,SXQUH,05/2037,vbtue,uoajx"
"8791305901850981,BOWVZ,11/2025,dcpqw,vvzrr"
"1428360036155860,BIORR,06/2018,emdut,vyoch"
"1601226434620067,KEWKG,12/2029,llqth,irrzp"
"6569974969130230,WEUCN,01/2022,twxtu,rnxeh"
"9713921569659528,QIENP,12/2017,fztal,tbwqj"
"9106219715586555,MQKVU,11/2037,yviix,wakfn"
"7596865642670599,HKLYP,04/2026,ooahx,ugulo"
"2460959366892870,ERCLF,10/2028,eqosn,rpduk"
"3847043964011020,KXMNI,03/2039,skmhe,rmkst"
"7422230833407848,AWDTU,08/2031,wooyp,zngzi"
"8174659763285210,WBWSW,10/2039,iihiq,nqwtz"
"181619020216458,SPCQA,07/2037,wwiyv,bcynu"
"115650440778640,CRXTQ,09/2027,caorq,ikkjw"
"152895576321687,FOCKB,07/2036,aitre,bdxuz"
"4672049014825024,YUFWF,08/2027,atsuu,nukxe"
"1438665871790347,OEGTV,02/2032,urfai,aupqr"
"8717293308533970,KQEDM,10/2024,uiejt,wnimt"
"5757554220162923,GLGNG,05/2019,jdrzw,ktwof"
"6018480423605133,WNOHI,03/2038,lcvoi,hkgbg"
"8855093822644603,OMETE,09/2026,bctjb,wtkgn"
"8119674884340843,EZUYJ,12/2030,znhzu,eygdh"
"5288822494797570,FQWAK,03/2036,dpdhg,tamtj"
"7847927185318588,ROSJE,07/2036,umzqm,qwclm"
"8245848338663935,RZOBK,12/2038,pqnml,czkux"
"8613967282701171,QZLAV,11/2032,kjhcm,iktoi"
"7133070574893242,AUZMM,10/2028,nssiy,rimxu"
"1007448976409311,DOVVE,03/2022,zznmf,brxpl"
"9152647937774537,FJSDO,02/2036,syxop,ygkkh"
"7169584209119812,FYALV,12/2030,ibwhs,yvezy"
"926473720182089,TLLCP,04/2039,zlsvw,yqiup"
"2442484360400246,FWUIY,07/2019,iukcr,lmovh"
"9569402240146695,TEJNK,06/2039,bdsup,xmpps"
"3445277460046084,KGFLT,01/2033,mmxil,ojlch"
"6509341152285050,HGHER,03/2022,dteao,yzxim"
"5486198539499865,KVSCI,08/2020,bqiwv,tavxs"
"4796498013552196,DYKHV,03/2039,utgbv,dukeu"
"5674869531295853,DYKHX,10/2021,sperq,bfhxt"
"6238841345923960,VQHST,03/2031,gfpkh,vadmn"
"1392834434359657,TTVPF,02/2017,ecxvw,yamxu"
"5275932189645749,CKZTI,04/2023,gexqi,zlati"
"1000711654201591,BYBVP,01/2035,weshv,nadkj"
"1173396732811814,EFNSG,08/2019,vckfk,rxccy"
"6887139189425586,XFACM,04/2030,nsulk,itmcw"
"7203520333282644,JRWFP,08/2035,njwnx,pjbjc"
"6083517034711053,YOMBF,08/2021,eegrh,fbrlc"
"6546002252661968,DRXKO,07/2026,trrxn,ivwmf"
"4917403166195714,APUQF,02/2034,nrjtr,pqhzo"
"9531241091290015,BIKWF,06/2035,vkcsr,rvzfs"
"8215468756160459,QKUID,03/2030,tcogu,qkffu"
"5867874338099927,LDDUC,04/2019,eqejh,cqama"
"646246526602666,DWBTJ,02/2020,yezxp,spknp"
"6438165797259468,OULGL,07/2032,pcqde,hxgpn"
"9720035818953838,MJJNU,07/2026,xpfcs,jemph"
"2400296573419017,VVTEA,11/2030,llxam,tlziw"
"2794372680657376,OYKAJ,11/2019,hkjjr,jtqjp"
"2781714276542505,JOEWZ,07/2023,nypds,itowt"
"1588601340186197,XYCAJ,08/2024,vrwei,llglc"
"6250824856025912,ODEQV,12/2031,qgkek,trjmv"
"4959322587265184,FEGXV,04/2020,ogbga,szuyz"
"8596253412737553,HETIT,07/2030,nkcml,kyjan"
"7376158315951710,WGSBD,05/2019,kkpic,opxgy"
"2322975715134597,YKEEW,10/2026,pdabu,wdkgb"
"9107329598330896,JGYRP,10/2039,cgbuo,douub"
"6192047717621179,WYJEO,06/2030,nenno,foqsq"
"3239661184395074,NCVIH,02/2026,kvjnu,ylnvc"
"7356514611613673,ZEEIJ,03/2027,xbmam,wqfae"
"8703990755460625,EMQDU,07/2018,bwihr,guadk"
"5541098960550424,BIDSL,07/2038,fzoyh,fbqri"
"7560709978072992,XCCXR,12/2037,uhcej,exrab"
"35377522169070,SQSBS,11/2038,dtulu,xoiid"
"7993713005633196,MHKUY,08/2027,lcyqd,bimvd"
"8705685311808232,OUXHB,02/2027,mgqsz,gilnh"
"4284191209558248,NRULA,11/2019,orhzl,szgmp"
"5712750768012579,PGYGU,09/2040,xgkzg,trwwu"
"5123606051402709,LJPXR,05/2018,ustor,hwmhk"
"9511803077304051,XRAAM,02/2019,bsvdm,hxjag"
"6807454608476926,WYYNH,11/2021,oosde,clbty"
"9510103621209042,YYTPQ,09/2041,vcrar,lvpas"
"4501265533273328,YBONW,12/2031,vxipk,otqzj"
"8243274953388898,JUUVK,11/2026,kogku,ovzsg"
"2869359625186716,QWREJ,07/2041,uyzew,cdfvj"
"9895087475792675,RMTEX,07/2040,noqdt,juaze"
"7881444093238701,HLSZO,06/2023,lkdaj,xmpcf"
"6791330304241258,THNDO,03/2017,lcejp,vehry"
"3336426359690653,CMABQ,10/2029,wnbpg,fqyzo"
"8199383816951440,UENTZ,03/2020,wynvs,hrbrc"
"7058077528557435,SAMNC,08/2020,gvahh,motdw"
"5567000976988492,HMTGV,02/2029,lqnhj,wqtdo"
"1914319850718058,ZSHPM,05/2025,ojxov,eqven"
"9224568484111722,SHGCL,04/2034,lcysl,yuhux"
"3429573115620564,JTZJE,08/2022,limwu,irvrs"
"3970768839433182,FLDLF,05/2019,nmdhd,qnssm"
"2074585020476877,IQWHU,09/2034,dinpb,kehha"
"7924731563942782,PHOPD,04/2025,rdxcx,aupop"
"3484309746957851,FUOVO,06/2035,ghzvt,edyab"
"370581954285600,ISJTI,09/2020,nxohf,tywpr"
"7878351303194433,KXHEN,09/2032,gvbwf,ibwdg"
"5662525251557689,HVYVV,12/2032,vmpho,yzvja"
"2343411964446919,CMUCB,03/2017,colwd,eqwhb"
"6600664032350175,RBRQE,04/2028,hhlfu,usyfp"
"9494935901706083,HFCBQ,02/2029,cpaqv,clhmq"
"7159229989036015,RDQLO,08/2024,aymhb,fvvuo"
"8377729532575002,BHZAI,11/2038,evtez,rigqb"
"5945171317473061,DVCIM,01/2027,lzrrf,cxihh"
"3437659161410035,JUJNU,02/2041,dwiot,wiotw"
"6443193406811987,WDXDY,03/2038,yomaj,rxwtk"
"6734107341506914,UUYJS,05/2034,rjnxm,ptlol"
"5411965128912506,YXMNN,01/2032,emsqg,kmycp"
"2595553886876591,NVHCQ,09/2037,fwqjl,krrbu"
"3340331817743397,MOSND,03/2036,fzlud,zkixx"
"9406536175862809,CXBQC,09/2038,rymwf,eswev"
"4966603955837244,JTOJP,03/2031,axlpn,aiecu"
"4183394431153691,RYSRB,07/2034,dcpqt,irxpa"
"6879098594318235,KDTQB,09/2040,aifvx,gtzfu"
"2798566610167035,CTQST,05/2021,eseuy,fkury"
"710008791064956,POEEK,07/2028,uozjl,jylsp"
"5525410986396955,ZEFHZ,11/2034,xowup,eyaim"
"6803459639991644,NMDNT,06/2018,qtuxw,hquau"
"6471927766225034,KNKMO,10/2018,nfklb,gvuqm"
"2833871585738386,HLTNL,05/2038,ixnpi,ggrif"
"3431590459382376,AVKFP,01/2025,tabkb,zkkgl"
"2398345780286912,ENCGO,10/2035,aztby,mujer"
"5561616794145595,AGWZY,06/2035,ngmtc,mcufd"
"6876300131802728,VVRDA,03/2028,zhchn,zhayl"
"7799975423659558,XRKIM,06/2024,tayat,fzhpg"
"8398290385575020,WRLVO,05/2035,rrbhy,eyovc"
"6272459446214719,SZDRK,09/2028,qobmi,bhaex"
"3345946356132398,QXWGS,01/2022,frmhi,amilc"
"335604030864373,JGDJG,07/2034,dtaoz,qsjju"
"3875222488257209,IKKVK,01/2038,xomep,rjvks"
"9205136818187405,CVUFQ,11/2035,ncjuq,uqngn"
"1030072317812195,DIVUU,03/2030,kgspy,exmha"
"5176236837596192,NIUPP,03/2035,ykosi,gqrvw"
"551169028086039,VTJEJ,02/2022,vsroe,ctemt"
"5750360653388999,VCPRC,01/2020,ongze,qnclh"
"4646353640111670,PVLKV,07/2022,vaumn,yewvd"
"4161721965217014,EYWOY,11/2018,zvlks,koxxj"
"9292765550649652,AKXSU,03/2030,hwlwd,dyvdi"
"8253846206352987,INKRX,01/2030,xdrce,srtby"
"9103326376584194,SHQJE,11/2039,ciywe,ekcmn"
"2141090910169864,NDCIO,02/2017,mindx,kbyei"
"9439581337685184,LTFZX,04/2034,jplwc,pntyn"
"8170944145078426,LRIZJ,04/2030,gaxly,hemtr"
"9495741838186441,WXZOR,12/2028,yujjj,bgmlo"
"8162519545560122,DLYPO,07/2018,igrmv,rpiwg"
"5196600808942532,NGRKL,10/2020,oiwyb,tabla"
"2075712781626191,RNHTA,12/2019,uyrgr,eejxr"
"7667518113745329,PNRCB,03/2032,wevfc,jwvlf"
"322545031772994,XQROS,01/2024,osous,oeaby"
"863932183553005,MNVFJ,12/2030,lgoqc,mbpyq"
"1305433410313897,KOMXD,03/2027,pbldk,tskhh"
"1596591259642449,QZIQP,04/2021,hbiws,adeqs"
"5545801282136022,XJOBC,02/2038,dgbbu,arqer"
"1727653231807789,JSWTI,08/2027,yosti,kimtz"
"2581577728303975,QSSEH,12/2035,potel,uyfhb"
"2688494234225766,LCXKM,02/2023,ejany,kcgfh"
"575258662895557,YUITQ,09/2035,avoyg,rbnni"
"3788989632727893,EOMPP,09/2022,lxqhw,jumhs"
"7069235186066788,VYAFA,03/2040,ublhl,iyfqz"
"9345974126281456,BBMBD,04/2022,oflto,mkmxj"
"9150743887525199,MVBZC,01/2039,jbhvt,hupct"
"5838306252359127,MPGWP,02/2040,pzpih,cetss"
"8989793298606315,KVYVD,02/2032,tqusa,osczo"
"1294504424995959,PVSUI,12/2030,gkcqf,efrki"
"5353157217853368,KOHQI,05/2028,npbtb,uxcrw"
"6998851494958959,ZSSWK,04/2018,isdbi,itnxt"
"5403204227947009,LJOGX,05/2025,fluez,hzvlo"
"7841848496946436,WBPXY,02/2033,yosai,wzduz"
"2142147059838357,EEPBG,02/2023,ndqez,zahjb"
"4779812465428706,ZOGPS,09/2026,easyr,jbddt"
"8552420322859153,ESLKL,12/2029,tmdfi,fniep"
"5106607047905622,FNSZK,10/2030,oubgz,bfvsw"
"9651783862100788,RYSYL,02/2033,pdiwe,nsvyq"
"4282081571882133,KPCLF,12/2032,dxyrm,wodtf"
"4976456920744178,WUPVZ,10/2022,fyobi,iiadi"
"1523756032041132,SLUEA,12/2033,yadww,voodn"
"1247344730564177,RMUFD,06/2024,fiufj,pwypx"
"9743512839633281,OWYPJ,06/2021,sjscw,zydwl"
"3502578465717944,YJIUS,09/2023,udskx,vhlql"
"7784801514059425,ZVHQR,10/2020,nhwfe,hwdjf"
"7689715931338891,BMDIQ,01/2040,xcxpl,ckdca"
"6741653937435613,WLWZF,05/2033,ozoom,qdpwn"
"2768397655048221,ASXMY,10/2025,luzqp,eanzg"
"2818851338966555,DPIXN,04/2018,ulezf,xcbym"
"2347626837102784,NEDBC,11/2037,jqxjq,jrzzk"
"5551446009063883,SJCII,10/2041,isjyi,zkphd"
"9560039408105325,YQZBB,03/2031,vwugg,qnbei"
"3492651473567448,APNVG,07/2028,rwwox,iwoht"
"3667798381499718,TKVVU,03/2028,wkkmd,cbbri"
"1019249355023223,XDDDQ,12/2027,mgpzs,cdvoi"
"9802266728627896,QFYEX,09/2037,fkbyi,lgnhc"
"9899374707575281,NIFRE,10/2026,zbsqz,qfmkd"
"808441499499450,QSPYB,05/2028,vpzys,ywium"
"5160266160203676,LSAQP,03/2040,bcrqd,nraam"
"4736437356679137,YLLUZ,10/2024,qrbbs,khdlm"
"9359201740700220,BBDKV,08/2017,xzvua,zdkok"
"7187636340698468,ICGMB,03/2031,wzotr,yducb"
"525517429453350,GDGJU,01/2017,gttfg,btrig"
"1490746858749403,KZZWV,02/2021,zmtpd,pglee"
"5338861840362116,QNOQO,01/2033,ntnqi,oynvd"
"331769063289998,YJSEE,01/2018,sebmb,iuvbb"
"1249886381035228,LMFAZ,03/2023,bzjan,ovimn"
"9132375209908853,QOTTY,10/2032,tjqfn,ervrz"
"1035471213874136,RVVOB,12/2039,qlifm,zqxgx"
"3551406540083973,YNRBP,12/2039,xarsh,hkuxr"
"9284003078436498,SDHTO,06/2040,zmdrm,zqqzd"
"7995947999278618,YEQDN,01/2032,blmpf,islmu"
"5832963664421884,IJMBF,03/2018,xdonv,kswne"
"4196668236024261,UWBJM,06/2021,vkswu,plwmr"
"8152656231046665,VKPAT,09/2023,rkbvk,xqqje"
"6234622916092767,CFMMS,03/2019,hygam,vauxb"
"7785857077947437,TWQHI,08/2029,inido,ezifa"
"9260662438547909,GIFAY,01/2034,ziqxk,wjzlz"
"9981766325644076,BTFBF,07/2018,flqfw,ttpsr"
"9068764611410475,CHZRV,10/2019,nqkkg,uugyi"
"659658265330118,KJMGH,09/2024,nqjex,chiep"
"2905991877001160,RDZFT,07/2020,yywls,hzhlu"
"9722451740556736,MNLIU,02/2020,wpdnp,qamor"
"7670540338564480,IJTUD,01/2036,rvdsd,ufmod"
"1332359165811326,ARAIB,09/2040,ptxap,zrylh"
"4636444753891769,EKYWT,12/2029,qldxb,xjulr"
"5935217698002698,UVZLP,10/2026,hwhca,flecd"
"1226006467760337,ZLSBR,06/2021,dmqga,ukeow"
"1463603640980326,ALQQR,11/2036,mnpva,jhpjl"
"7718773211207931,AYYPY,09/2040,lsfsl,rvsyu"
"7910502062113662,GLRQC,02/2038,mmqkw,olbqo"
"5859100173836446,OVYDY,01/2018,ztjfn,icxjd"
"3363568652267666,TSDXU,08/2026,cevzg,beplf"
"3205695441160233,VZKOK,12/2021,ahate,sditg"
"1414675066280819,QJCIO,03/2041,inywg,dyrtw"
"8923302305698999,MZGVO,05/2037,hzrzk,djmzx"
"5398405471653596,LOJOB,09/2035,dqwwf,eqesg"
"8652128603652128,LVSJF,08/2020,rrsux,vpmva"
"9724033990194565,XDUZN,12/2020,eoqfi,pvgys"
"6880512967542981,COSYX,08/2030,ixkjw,hgjas"
"2168428744910993,EPNPN,01/2019,qwkdn,meiue"
"688405867366957,YRICQ,12/2019,wzddt,phftc"
"1531116853319607,IYTXD,10/2017,utndd,htefa"
"923563465982397,VRSZI,02/2034,lefxu,nwati"
"3251506204138775,CIFXW,07/2027,qjqwr,gvunz"
"6728018910550092,DIIVE,10/2036,scsou,mtxsn"
"7560023603247306,NWPEX,05/2019,lidkl,wujgd"
"6621352986646834,FZDSQ,11/2030,fjlen,jdamd"
"8306950132430203,QMPBE,12/2041,gotdg,mglxv"
"7615057762287362,AJYLW,11/2020,dbvox,ybxhc"
"970519636975508,NPUEH,01/2040,unfyp,xkdhb"
"7620681029351237,PKQUC,06/2020,xodcu,pqbmt"
"9570561511369960,YIPPS,06/2029,drgsk,wbkpi"
"6665971593869817,BZFVR,06/2019,cvcqn,mnipm"
"2343408347782182,ZEPOI,04/2019,bnklw,nklmq"
"4189542185918753,KHYOF,08/2018,smtls,hguqm"
"9252444103176752,QAZUM,03/2037,oeydh,uigfg"
"2909895992271817,ANFCS,01/2021,zqxmu,yexsh"
"9163732423526701,XKTBP,11/2032,cqkot,auaiv"
"5884647074359865,IKGPF,06/2039,mybxc,yjtfw"
"4316235841636684,EBWRD,05/2017,tblxc,bwmam"
"6146338941811413,JWDXU,12/2039,emmyl,kjuuj"
"218470524660733,DOFNI,11/2022,ndyvm,upkni"
"1796541173812382,WKKEI,03/2018,euege,qnsom"
"1773265711131251,YYIJV,04/2018,ttoio,zqpts"
"2387936161068817,HDJFQ,11/2041,mtyjg,gtiir"
"7258347664907684,TRXXZ,04/2031,bjxuz,ceayf"
"7994401199338632,ZKHJK,01/2025,nuvxa,ithhq"
"3693278067826015,WYYXF,11/2026,zruwh,wvxzk"
"9158649057785142,JBJFY,11/2024,touqb,wfyie"
"547519858083999,ZIRZN,08/2032,ciyfx,flfuk"
"6673219416814429,MBVZA,03/2040,xojcl,lkezc"
"6024206195296335,OMGMG,11/2026,raejg,sqrgk"
"6444910807302603,ZGNIH,07/2029,xmkfk,inhlx"
"7265383530980636,EWDVQ,08/2029,mkfjd,baisr"
"7010975122756950,YACIC,09/2032,ghgwo,jbuse"
"4990155590357497,KPXKD,02/2026,lnjwi,vgiiq"
"7914427559822003,MOEUJ,11/2040,euqqu,dapvr"
"892704411731842,HKKIZ,08/2028,ckogw,bvoez"
"6063457104974403,YPXKG,11/2019,zjoub,mzlty"
"2508462608303495,FQYSP,10/2039,jdtzk,rogmd"
"3392284367544287,TNLQV,03/2035,iyfry,fmztp"
"6216751362176555,FUZCV,09/2036,nhjvg,qvpku"
"4413812700669042,NTYDM,07/2017,rolmk,rqsor"
"752525800143725,KYLZG,10/2041,kdpiw,xjxej"
"2344786987940237,FDRHQ,12/2038,ribcu,cgude"
"3335478175505871,RSXUE,12/2040,sfbce,yoaph"
"7537234733815485,TROCR,09/2020,tqoxa,nkrjb"
"9345818351304183,FCRNB,09/2022,wquhb,jktll"
"4643435445036952,PXOHB,08/2037,xcdfo,xtpwb"
"7584266031740236,EUFXK,07/2037,wqafj,ryepg"
"1158468267415594,STBIE,07/2038,qdlay,zkmmg"
"2317619625856996,JKLFS,01/2023,axvxg,zpddt"
"2203516660538782,KDGXH,02/2026,fzuzm,enqij"
"770142313817483,VROSN,12/2034,hqggx,bmyjp"
"5455903236292051,CYHOU,08/2030,hczhv,tshue"
"8540010811948560,QBCMK,09/2029,jzwap,syrxb"
"8974387289267796,XRSDA,12/2039,jwlxg,wgdjq"
"1658153200827657,LNTOM,02/2036,katmm,fwjda"
"5186532732520470,SKQPM,05/2037,jzhmu,ogjxm"
"6317991194988071,KZTST,04/2039,mkvno,tzwuo"
"269768877340845,RNTKJ,01/2021,rdwvy,hhkrl"
"5072437274994141,ZKFZT,05/2019,ugqfl,ncqzm"
"3387921834846061,JXTZJ,04/2032,nztwy,zpjec"
"3347872504607681,OJNIT,07/2018,vnxzb,chgel"
"6881796306186303,AQSOZ,06/2023,bwkkt,pidfh"
"6056249226355071,BPWUB,04/2020,tjdps,mryfm"
"1514817248332285,NTNTE,12/2029,ukvaq,eyemd"
"654190322555945,GPAXA,04/2034,erkay,jfwff"
"3688446626603251,ERHSL,12/2038,hjjxr,auyxp"
"5822960193861748,LAYYB,01/2028,begyd,byftf"
"5727105742558796,LRWPI,05/2025,qytsq,scifl"
"777536609254459,MLWFY,10/2026,pwupl,epmnx"
"3361050240749371,MKVZV,01/2017,dyrtk,ijpzu"
"4560374174936951,GSPRJ,05/2037,ejpnu,jzjua"
"3538536519745617,KOKUR,01/2031,errau,pupae"
"6448586217064828,RLMIA,06/2020,afaxv,ccrno"
"1904255177722403,ZPOIM,07/2031,waait,qfdlt"
"4983657073560296,YVZSV,05/2033,qemku,vcctp"
"2746215307658251,UVVMQ,11/2022,ihtpq,ktiqy"
"855900932319817,TREQE,05/2038,icmsu,bbvee"
"4512480229965356,BKIVF,08/2026,bhyqq,nxgsn"
"6047796309865485,TUCGK,09/2027,frptv,skahv"
"80805097669883,QBMZJ,10/2035,ihghk,nwscj"
"6510198249242725,KXMKZ,08/2017,alwgh,sxnuo"
"4415405348598027,UUWSD,10/2032,qqahv,ueggd"
"655916521199522,SBBNK,07/2037,sjlbh,jwfaj"
"1027074351113328,ZDBIO,10/2040,ymwty,tyscf"
"5289792418201438,HPQJM,04/2018,oazgd,ayvps"
"5091508860009722,QKPOM,06/2036,vepbm,mpuap"
"5359153281714402,EYQID,04/2033,ytpvs,hmunr"
"7853664231615671,GBNIW,04/2027,jegha,kvkvt"
"6099290648496711,YLKWL,03/2028,mxbdi,hhwzu"
"4333623692284549,UWGAQ,11/2019,pcifu,cgqbh"
"8603180874782705,FFYQQ,01/2032,byelc,ptfam"
"2925761044362074,BTPYV,02/2027,lajfm,nfrfq"
"8349419150255094,YPMWZ,01/2025,ypntb,ovtzu"
"1841442049284942,OOKNZ,04/2034,vnwls,aivkj"
"8279951722159999,PKOXB,12/2024,yxjzn,ubnwe"
"3746487604453857,WLTDM,11/2027,ihkzi,jpggy"
"6983283215762106,ABCGQ,07/2032,hlkbx,ntgzd"
"7284984986277206,QFFER,02/2037,rzkzf,dypac"
"4007247920509118,CJRPD,01/2033,ifvxb,btnrq"
"3647620031054844,YHNUH,02/2020,cxdkg,ckjlj"
"461742901589951,NFYWM,05/2024,mrzqk,owyar"
"9780296664454534,RTEKA,03/2039,hhzye,mmved"
"8639440747212674,PGUJW,07/2034,lkxug,nahov"
"5841017272822231,YEYST,10/2019,slkjj,kabpj"
"395530536005147,IMKVL,02/2041,ikoul,zusxx"
"9908692959457595,JBGNT,09/2039,dhjbr,gqcnh"
"8603382655606832,HCEQE,11/2026,ttuuv,kfhmv"
"7534219126860174,EGLEW,07/2021,hxbua,xkbrr"
"2339324223881706,AQMJJ,02/2029,rxqxg,hczmb"
"3736572427067966,EAYLI,03/2039,kxsnj,zyugw"
"4296906372952188,NYRRK,01/2040,ddtkj,supyq"
"7568976859239855,DFUJF,07/2024,ajfon,rttpc"
"7502938437425955,ZEBMG,10/2020,rshdj,jrvau"
"7687246780540373,CHNTG,04/2041,movjr,ywxzo"
"7825494175178584,RMVKT,01/2039,eeaqr,orjkr"
"6986209963480104,RPBNB,03/2028,fgddn,nuysa"
"9690354925206624,UOZWM,03/2039,kdubu,jykxx"
"3205233505074979,TWMVB,07/2038,gtuqb,xtpfw"
"4606803528333180,CYJEU,03/2031,negzq,ddqsu"
"8771552998384896,CBLGQ,02/2038,wbzeq,jqmzp"
"1650007213271222,QRRTM,08/2024,zdhcr,wiitb"
"5798243140880233,USHXJ,04/2028,wuyuz,xikkp"
"7904622877182919,CVPRC,03/2029,ckspx,wbvnz"
"2399386384767929,JSQGZ,11/2032,cvgyl,uptuw"
"2021902115246222,RJURB,09/2021,igvfa,qbdvd"
"7258447389006796,AYSIG,10/2036,tqsyl,hoyay"
"2831245052576369,WSYKB,01/2029,ltjha,sibad"
"8349514310754438,UUNNJ,02/2028,qihku,nmpwm"
"5227779934904437,AYCIY,10/2028,sizdv,tsgpo"
"2986854922426883,ISGDS,10/2019,lufwk,ktrca"
"6742730645714952,KEEJD,08/2024,snhah,wiltf"
"2436371905671350,RICDL,03/2037,jaozt,uizic"
"7251862091474855,FPAXK,09/2028,caamy,wjmrh"
"2181372689115060,JATYX,09/2030,ekgjw,ibrdn"
"5435807940860543,SDLVX,02/2025,ejhdt,tzfpv"
"1087313011588114,FJDYY,09/2032,oljbf,bxict"
"2310026925739589,AXCBF,06/2029,xdvbm,qgamv"
"4316566660598112,QLQJM,06/2038,phpat,cetya"
"1404887528073616,QCKHX,02/2036,ljbgu,hfuhx"
"2110753086966890,EJEJU,09/2030,ueosz,lawxk"
"3181788707502243,UYDJQ,10/2036,aywfe,fyqea"
"2482689962910651,GQLRU,03/2024,agkgp,feini"
"9538041463355239,EQSPF,11/2027,blvdg,okzkn"
"7737241555379839,QNWXO,04/2025,xfisg,ssgvg"
"4837998341893650,JWQXS,01/2026,vbslm,gnznn"
"1821159815190801,TMPGS,11/2035,makrv,nkdzf"
"3005803384733561,XJNCT,11/2036,itjyf,kpcaq"
"832568284080817,EOIRF,12/2039,qzkno,oqwhv"
"4549442099522391,EHSCC,09/2028,xxsrr,uutfi"
"1963966145665144,CYFAY,05/2033,grdor,hxmqn"
"2736069287292410,GYJGW,05/2040,upzod,bognc"
"1148304160089711,AJQGE,08/2034,ksfex,jtfia"
"8997155958973190,YJMTA,01/2019,qviye,ekdhi"
"7683756599145214,SYTMA,10/2037,ervbc,oygbl"
"58794668725393,VTKCY,06/2024,zecrf,wwpye"
"9954166193152827,NCALO,10/2018,erkfg,cxnzx"
"7526800628259352,CCBUO,03/2029,ldrcd,wynfo"
"6441189618750850,PRINO,09/2021,gezhw,wjjvt"
"1825347443746696,PMPDR,05/2018,nquho,xetvs"
"3919730788372922,VNCNT,06/2036,cyzns,ljchf"
"5901705568814349,MULMU,10/2025,gedbl,lfzjf"
"4164222914727158,CRGCR,07/2038,wdfuw,wkhck"
"7149061461217313,KJCGY,01/2034,kgjjj,wmwhg"
"4982054792983651,IBRLH,08/2033,vozta,daxdf"
"9925188442480845,WCFDO,09/2036,mkilk,ywiwu"
"4583214814218175,AMBHZ,11/2030,tdncj,czjzr"
"5076714950183201,BQDZV,10/2031,gvzfa,kkduu"
"1591202080304764,ESMRT,01/2027,xgogt,fazbv"
"5255967022112459,NPKDX,08/2041,jvtdb,lixjh"
"7648987680458798,STPDP,01/2030,dfvah,jrdwa"
"8396235033976238,RMUSZ,09/2028,yunmt,onviw"
"945197518124147,WLTFV,04/2039,knkss,spaom"
"8039368281817046,UKXYR,10/2031,yywlf,yvzea"
"295516125462910,KNKWA,03/2037,ddpum,naoen"
"6948259311003119,REIQU,04/2034,giuvl,aijou"
"1891120863024723,BVXDS,05/2028,pevzc,qhmhk"
"5222383818510698,BSZKE,11/2038,yxcae,ealru"
"7020178698152971,STLAE,10/2029,jgmaq,wgthm"
"8605934094145513,NVTGI,11/2032,gnprx,omhny"
"1736786940296711,EGIWM,08/2020,ijdgp,djakn"
"2879283073127959,JEYTZ,10/2037,adkuw,dpjyw"
"7452327030961922,KLCKI,02/2032,johqh,wawpv"
"3755879572133522,MNTSB,09/2019,vxnuz,wrtuh"
"3083335832556975,SKQHZ,09/2021,dmrua,epdig"
"2117928278668485,KALGA,04/2018,jiqxf,tdvsa"
"5101025593096451,OJSVN,06/2020,gveih,wtucu"
"7646418023410926,TKUWI,04/2032,sjmoz,hluww"
"9811699734504930,QINDE,11/2029,ceacw,emnfk"
"832032564609653,DVREV,09/2017,uecdb,chlgx"
"369639093443240,FHFVP,02/2035,kslgk,zmhmg"
"9042928835558194,FBXCY,09/2018,drqsa,mwgri"
"5108049473375592,QLJQS,03/2029,dgcgg,hjxki"
"1468862965443765,ABPNL,12/2033,hmwae,odckb"
"7800912443269479,TNOBC,08/2026,jkkir,nspjv"
"7274247409243743,UUJWD,04/2026,bquvs,dnunw"
"947987276584485,QZIWN,09/2032,ghjux,sumzv"
"9871769505845584,SYHYV,01/2037,cchpg,syvwr"
"9441726618893329,XONUQ,04/2036,krmrc,kilfn"
"9266738623046655,BCVJC,01/2026,gwlja,gwhel"
"2675668941899262,PLSQT,05/2024,dmlqm,gdhtn"
"7707736758079957,QIFHE,07/2039,mrkdp,gyghz"
"1835711861143666,TVBVV,02/2026,bfixd,aqbsf"
"8815401025625764,WEPJR,03/2018,dzpxk,regvc"
"5269699945062728,GFEKN,12/2035,vscrf,bbrsu"
"5349761855383820,EHPLZ,07/2019,udkrf,ugzbx"
"8778779172939744,CWQHN,12/2026,fpprq,qaxuy"
"2256060131489163,EUNHZ,11/2027,dotgj,hvevf"
"6464772669813906,CGMBO,04/2031,vdboy,mhtrl"
"1220176356124245,SAYIU,09/2031,cmdis,uvies"
"5795737408776029,VGACQ,02/2032,ztpml,dxmyl"
"405965852350265,MKEMJ,01/2032,agzyl,rbdwt"
"7248798141983502,DZYSO,06/2026,fwzvj,kymtf"
"7036689246806513,HGQOD,11/2035,zxnou,ufxme"
"4313688500931679,HWIKW,12/2034,bpyiz,kvqms"
"742210588105332,LOPOB,02/2032,shgti,mdtqo"
"1046471900655040,STZGO,01/2041,qnoqs,ffxmh"
"6907001571504735,AJSEP,08/2030,igyuz,qczyv"
"8559799758278594,SIQWY,05/2020,ykzmh,bnwef"
"7647119025913870,LWWJP,11/2019,bfrdb,vfpfo"
"347765809269689,TXATL,02/2025,nnptt,ncscu"
"8296260600586790,UUSCJ,08/2032,traqb,dnvcn"
"1887047553708087,JWSXQ,04/2031,etrge,conxs"
"3769157556545952,KLDLF,10/2040,tjxzo,kslkb"
"788328608166248,VGBSS,04/2041,gwbrh,jddgw"
"7715359786810909,FBTIM,03/2029,eimpi,deikr"
"1907243264481165,XHRTW,11/2032,utxcl,uwnta"
"3460776122728070,HICMC,06/2036,sjgtp,zzfxs"
"2485576428501504,POBTB,08/2017,lrdmf,ikwcp"
"5610810323467680,WOZRX,08/2022,bpjuj,ybpde"
"3357816296723270,KNBVC,06/2019,eixtx,cpwsf"
"4419908232219228,BMREJ,11/2041,tipdd,ebsva"
"2027852063387973,HRCIL,01/2018,wqlpo,gypon"
"7424207130288601,JJYHH,04/2017,gjuds,ahrpk"
"3092781743965084,RTLDK,10/2036,zxkvx,tymzk"
"4774206234611678,ARPHB,01/2020,xejui,gmylh"
"7435369154472472,LMXRY,05/2037,hnukh,nztuw"
"8883018867938061,CXTXH,06/2037,jerzh,uyyzc"
"2090134982187376,GHATO,06/2034,ytoov,lwvrp"
"7664972826364045,AHNAL,04/2030,rytzd,qsxqj"
"1554235900540878,PRGSW,12/2031,mimfr,dcsbp"
"7388551579370515,UMIHU,05/2030,asokw,csdht"
"442279441406707,KBZFA,06/2034,cdspi,arqer"
"4893113686936628,VMJZW,06/2018,jbfrp,izuoy"
"4227265975238362,GRSHR,08/2021,kxmcc,yyljw"
"1144759800948738,BPRWP,01/2027,avrsp,vaedg"
"8483029079333919,AYTZL,06/2032,wwbcw,fvgtl"
"8341687099483896,KXUBJ,05/2017,zpees,djpxw"
"6378005824943201,TOIVM,08/2027,wxoqe,zmcxv"
"1002520413063513,YSLUA,09/2026,juezk,pfrho"
"1932336627342548,VMYJO,06/2017,vqokj,vsefq"
"2185259708772477,LPFGL,07/2041,fszfk,uwzyg"
"6110062874363237,DXQYA,12/2018,gjifk,hqdjz"
"288206977985127,MHGUW,04/2037,ehzdi,troba"
"255472278880817,TBSOG,02/2037,obyth,mykdv"
"8552720350553727,NIOUU,10/2029,sjcqp,fgpsy"
"4644215540088967,MFBEA,05/2019,vdodn,vvqvx"
"6504820961841928,VFXZL,12/2020,jxwql,pvoqs"
"1058840909816024,PXWQI,03/2025,cgizs,amhxr"
"2219671819739779,UNSNI,08/2018,sfehg,ppzhv"
"9123459834354796,ONAAJ,09/2027,uuoai,idjwj"
"4265038635672253,RBXJW,09/2039,shoas,eozge"
"3668780582957202,BQGLV,06/2033,temdx,czadi"
"7240332007346744,BOMKM,11/2017,yppjj,czsst"
"3476046159651052,KAIRY,10/2027,uirzc,sejql"
"8147767684424123,POEVU,07/2032,gchpu,tumwj"
"3245917627358169,NOVDG,06/2029,ctfsl,yidjp"
"4976819672206986,XEUDR,03/2020,juqvp,flqae"
"1978812620227406,GMDDF,11/2040,ptrkv,mpghd"
"4554492046912640,WBTZJ,03/2017,lcuwe,meybo"
"4363341009590913,INPBL,12/2037,xifef,ehnkf"
"333356715722351,JMWOF,02/2039,fsnji,bairt"
"4605343059976866,VYPPQ,10/2020,thmci,bxdqz"
"1295021143667768,NIQAC,02/2031,wowtn,rpoas"
"9129068553365631,BIOUU,02/2022,oszyr,frzvw"
"428759998138052,SGTYI,04/2040,gvfpp,mcrct"
"9706847530815199,DUIVG,12/2021,ylvcv,wdyzp"
"309477234740251,ZNOEG,12/2019,fjeuv,nuezs"
"5110807653447828,AZWTF,02/2034,lmmry,amozy"
"1724091060772615,DLIYR,03/2033,hrpyy,jhfrr"
"7325922302907872,RIDHU,10/2040,yeawv,jggzc"
"6840659025451736,FAGPI,12/2041,vxwel,pmhks"
"3324215244457848,KZTIY,05/2020,njplx,gvvtb"
"5371275852960547,EPCEA,01/2039,rkdum,afhmt"
"7403646455800839,ODPAT,05/2039,ipdvr,tvnnt"
"339062551623587,FHBVD,01/2041,glnhs,wjpqw"
"8768122122475079,VTOUS,01/2038,waalj,eqdcz"
"2848630501647617,WJFSR,03/2030,cjygz,wfpph"
"9593798166338837,PWZVD,01/2035,pbiku,iicrl"
"9365777508516207,CJAQK,01/2033,fxgwz,ysoia"
"52726456713114,DAYNF,08/2035,uhazn,bryyw"
"1158840307840292,IRPGH,08/2019,gjcmw,ehubf"
"6138683076997081,SLYRC,12/2029,ogzqy,vwumt"
"5983238247393906,GFCJR,09/2039,gfvje,pgxbj"
"6315238954539281,CLEOF,11/2040,qyfdn,pmjam"
"1775530384105850,VRDBY,02/2036,ihxyh,bgmhd"
"2521442602343004,VIFDG,04/2018,hwghi,ixhuh"
"2481021767124230,TPNGD,01/2028,ddcsx,nrgtk"
"1937612384427161,NWCNB,09/2033,acseq,quhpa"
"8680825458935646,CPRKN,08/2019,gikgc,ihyqm"
"9535850577744791,TBMBX,02/2022,lceqf,igadh"
"8015027591411061,YEFOP,09/2019,muugw,fpefu"
"7652107313468697,IKILV,01/2037,jzksl,zaetn"
"3656519162758590,WMUYS,06/2032,sofvc,afobb"
"4330714145324303,WJRPU,12/2027,wddid,xwtew"
"1797532411109961,FEORF,05/2027,qydjf,gqfgx"
"4662023995731060,USUXM,09/2023,gyqvo,zpjgw"
"1876656590356057,QIMCV,11/2022,umdkr,zdpak"
"8399276887771065,XORCO,05/2021,vyxcz,klznz"
"6474803085616271,GAOXF,07/2041,bsxqg,sizng"
"6235092313169713,BZGLJ,11/2018,cehun,fhjcx"
"171789640769299,BLDRI,01/2026,goqir,kqikd"
"655342705402872,VNOFJ,09/2035,eoatk,nvxam"
"8935048450992021,FFSQW,07/2030,skcoo,fyyiq"
"2206119338771476,OHDGB,08/2027,pkcbv,ckljt"
"3562314207324541,ESRVR,06/2034,chfch,eebrv"
"1520486919426711,ZCRMM,07/2035,nlmkd,mmvzu"
"6241806717577380,WBCKI,03/2029,evdcg,vdmkd"
"5832109721197853,ATCTR,01/2038,yejlz,knmap"
"6001120307770110,TLSSV,12/2020,roatc,hzoya"
"5208157961538990,NVADC,07/2037,bhawv,dbpdr"
"5333527578210264,HHJPL,01/2028,euhxg,etkwz"
"9902325528620503,QMHLB,03/2032,rxdpu,bcrnh"
"2238042835026742,LURGR,08/2021,vvbsc,weqcu"
"7719162791112170,SBYQP,02/2027,envcx,fmjye"
"9386410037048936,MRKHP,10/2039,kebfo,afuvc"
"2986728879641251,KOANN,08/2035,zipeo,yxpnx"
"9046518908954426,KVNFA,07/2030,rqrkn,jkzar"
"9748189828062072,CPGBN,12/2028,hmasf,fnbvm"
"5188843188680330,IRCVC,08/2039,zttwx,boudh"
"6446765353617537,PAZRN,01/2026,nzgol,pefxd"
"5406893495020005,LUPQO,01/2038,aqift,didcn"
"8870232664932946,QAZRN,03/2026,sncsm,sipza"
"8304912359978830,PSELP,11/2025,vfkly,peedu"
"40781313443223,MGAPU,08/2028,triqa,mzazq"
"3575670405119103,HSJRC,11/2030,dkypi,gjaaw"
"8122581376894260,ZBUPD,07/2038,uaehi,igtqk"
"5527622466741940,YUTMZ,06/2021,qlnrv,vtsir"
"6264182341220080,FCGMJ,07/2024,dbioq,wkkey"
"1641995526836542,XSUYB,09/2032,hpjxw,qchni"
"9623309072440144,FIQTD,04/2032,egacg,jpurj"
"8529127602557852,WPGJK,03/2035,aobrj,twfvt"
"9464606979151233,XCXHJ,11/2023,ztdxc,xccih"
"9840259473042994,VICGL,08/2041,lkacu,monvk"
"2774454841432279,COMBS,02/2019,tuvkg,grtjl"
"3397846647190069,JYVKG,12/2023,lcpwf,qpggx"
"429347689771667,ECSFS,03/2037,zccgf,rftyn"
"9919355747516712,STQBN,03/2035,vfzxs,jsdss"
"8787463972010630,FRDZQ,10/2025,rlffo,xhdfv"
"7087210821057178,UJHSW,02/2028,evlgn,xpksy"
"1741488460927653,KEKOC,04/2020,loxfk,otbxw"
"409808774639178,WUNCM,01/2040,wbraz,yhzzx"
"6487184291101004,AIMOX,11/2034,mvtzc,tndhc"
"6448755667494233,AVGHL,02/2020,wpzmd,zbusv"
"6413219862471570,AGLTN,12/2033,pnkrh,rsoku"
"7386389695503403,GXQGU,11/2037,lsqyl,ircey"
"5173474390618413,ESBEA,12/2027,wqitn,ndplq"
"4850525167041365,XFPSQ,01/2036,vbmga,zpgfd"
"3762131390606839,DEOEA,12/2028,rtxst,ixkgd"
"4724789161055636,ROHAG,06/2039,sfpfe,cvgcl"
"6459599785661337,GVKPL,10/2026,qlzyd,xrkqu"
"294670782613225,NBKHC,12/2019,xbjep,nlzbx"
"3159368283404054,PHOXQ,09/2019,rilms,lniew"
"735383109340911,NRIIB,01/2034,vzjwb,enlro"
"4431462265769816,PNBQO,07/2034,rxxmq,zekfg"
"5210714266078442,OFHBJ,01/2034,qfcen,yubjj"
"8483085199766567,IZOZP,12/2020,nrxts,dwtjw"
"9959638911853633,LTZZG,01/2035,stwue,vszwu"
"3296650605090678,QIHKV,02/2036,iuzmh,fopew"
"5578962043865683,XNXMK,01/2038,ofyly,lerkz"
"1111446429969048,QGXQT,10/2026,fzmca,pwclv"
"2664752856296836,FSWQH,03/2035,ymlif,hyueo"
"484016529969097,FSTFS,05/2025,kwmed,abqyo"
"9738879906777152,FVOUK,07/2032,odoux,lkviu"
"3987990586940502,FYXKK,01/2023,bdcbu,mhndl"
"7517286851091549,RPXQX,04/2021,hwbfl,xdhif"
"7747417738354417,QBEWZ,01/2024,ibwkg,iqjyf"
"6316233256097342,EZYBG,11/2041,mwqwc,txhuu"
"8077207550852624,ZQKWO,02/2025,htwgg,ddjem"
"6571415890045774,GVNSU,11/2029,theml,cipkj"
"3867461496585688,BYSMZ,04/2036,qlgnl,mzzab"
"535928412144558,XOMSL,08/2029,wxaco,rajkj"
"7656758322444800,ULBFS,06/2023,lqnob,fwtya"
"5141104899480351,JLXAM,06/2031,jzqzy,rdvcd"
"6194221651917605,OFKJL,08/2040,udfkv,amdrz"
"3186077795669790,MWLRE,05/2039,lcvzy,uejtj"
"6618299361872006,MNUPW,06/2033,ghaia,pbdgr"
"33619942841435,WHNPT,11/2019,cikea,dglwf"
"5386323661835644,MTKYR,09/2032,lpars,gcdek"
"5136312734992873,BXHEX,04/2023,yqhoo,vzgwu"
"2725127671348058,FBUFC,03/2030,utfdu,rcjlb"
"2203522966237365,QYPQR,11/2018,guexw,ozvkc"
"8093561006522982,GIGYJ,06/2033,uovch,uioey"
"5738192973517119,EAJIN,06/2031,ivlqb,dqfaz"
"4686384685512567,NGCHK,08/2033,rasaz,byrbg"
"7848979997428528,PFLCG,01/2026,pyhrx,dwpru"
"3900717068919697,JYRGS,10/2024,ybbtc,crdwu"
"9704789030425208,IAKVN,11/2035,puegi,jppmb"
"8184306518549682,OXYUD,05/2039,wkhlm,rxqip"
"7630296146718234,UHSEF,09/2026,kggxg,xgbua"
"7151211803911612,HCQUK,07/2030,imjqe,nztbc"
"5920394677728948,DJKJB,07/2040,mfcsq,njxnm"
"9973502028787735,ZDAGC,06/2031,jqdxu,dgutk"
"4848267329034147,ACBTV,02/2021,bwcxu,kjaif"
"4441740995638078,QELQB,01/2032,gwoaq,lpqir"
"106062201698393,KUMSS,04/2018,xnghc,rzqkd"
"8132648024715862,NIBXK,06/2041,mrbud,bvsiu"
"9401788381548860,FJHZQ,10/2034,cmawu,tnken"
"8524875392256458,UQYBK,11/2040,hftsl,eelzt"
"5367401866750543,EJGZM,06/2038,slksz,jrvub"
"5422025149900624,QPIFN,06/2038,jvnxe,favia"
"6939290216750920,OAQXZ,01/2017,xgvpu,tydld"
"7658217712644685,CAQWS,09/2029,ncaek,ogiiz"
"6911663682592173,SRWTQ,08/2033,qlfvr,cgzmh"
"8493856278846895,TLGMB,11/2035,aogwc,wovkc"
"9132483860236184,KCHDK,04/2030,byxes,ltpmw"
"3724786019389514,OGXOR,06/2040,wbwak,azavr"
"4635136340606904,KGUZT,06/2041,abbwq,uaesy"
"6989219709439038,SFMIX,08/2024,dpgrq,ehwqu"
"3820781156890277,JTDVH,03/2027,jpdvy,eevuk"
"4040662493337725,OMEIP,11/2025,yyjsf,hnuii"
"3891712887779633,AWAQL,12/2035,ogbuc,mkybl"
"563152984271675,QCVRA,04/2039,pauqu,eivxf"
"3501176911327644,PQVDE,04/2031,hcxny,yjbvt"
"9387271533049654,QMJKK,03/2038,tnwvo,vfzxb"
"3729889480874836,TAWHN,11/2040,vqtrc,dardu"
"6992629817983582,YSSGB,02/2031,zwelp,kqrcv"
"950905213747120,IPIIS,09/2026,nrpsa,qlzza"
"9449827482246230,FORUN,11/2035,kymov,orhba"
"7258680277965668,KQCAZ,10/2034,setcg,zhftr"
"9691728577735440,JUPPV,04/2041,mrxaw,wmvhx"
"5706082984708784,WNQRL,06/2036,hncle,zxqbm"
"3891191703872597,GUAXV,12/2036,clzjc,bwuhz"
"484505434047048,COOWM,12/2033,okilr,hqgdk"
"1749963078732721,SJLKR,11/2028,ndgby,jxern"
"8624243896999489,DNRAS,08/2028,urvyt,whhdm"
"3612273506737760,CLNWE,09/2027,iwacd,sxrdl"
"8884465924335099,JVGCT,09/2031,tpptq,kyvql"
"6419259235442116,TOIRM,02/2023,mxiyo,uimjx"
"4488132697157096,UFTFS,11/2019,lzhlh,shayh"
"5465238971583333,AMDVT,04/2020,kpfhi,bldwa"
"6502165617890719,TAYPO,03/2035,hxhhr,keoit"
"4585970783424415,DIRBN,11/2040,ikpiz,ioozg"
"2042057501946257,YQCTS,08/2031,pudxx,dlknu"
"911139723765739,PMGRW,07/2033,ehbtm,rdosq"
"9927962474157750,BXHRN,01/2036,hpnia,snafl"
"7355966801751250,MTESV,03/2034,ghozw,arkkc"
"8553140104188928,FEBGB,03/2017,ypudg,trfbc"
"9613010294077712,RUBBM,05/2021,wbagt,gjosb"
"5133434672789815,VKIDH,03/2025,faixm,ohecp"
"1527122931721511,DZHSY,02/2020,wvbes,hrwuw"
"8934758763840510,OQSRG,08/2035,uybln,foziy"
"1355866163651922,XOSBG,05/2036,yhcsv,elcgj"
"2964552460164982,CJODX,03/2037,ctrxk,hbqzq"
"4798412455808836,BZZDW,02/2020,oyxwu,bcssz"
"5681904810408120,CKJWO,09/2020,jyxzd,fqqlb"
"3258941891058296,HMVKD,05/2038,gegch,loolo"
"6741621574653421,PFBVO,02/2037,decsz,luhem"
"2992155659192295,QUFXF,01/2022,wrjwi,lldgg"
"1117612497323208,ODLRA,04/2027,cepfn,bgwyr"
"1588986804789543,GRNEI,12/2026,qsiqs,aysnx"
"7211273136683467,WZPQV,02/2021,lorak,ordec"
"6900738755985089,PBJLC,03/2028,hoxnh,snhis"
"4429716646503146,ZKMKA,05/2034,sdgja,fgmry"
"4069921279203007,ILUOP,10/2039,dhzoc,wbaht"
"825417561411270,KGUEF,12/2027,ioieg,jngls"
"5383870564445800,MWCTG,08/2027,lvzrl,sqraf"
"2150881908601472,ANLET,03/2028,aybwr,snyca"
"3599159604458281,PGRSC,09/2039,sshed,jstvd"
"3414020168013544,HLBUW,12/2031,kbqgs,amoxw"
"3601470285453442,KHPPF,02/2023,ddhxt,claqf"
"5353623750068546,GOSSK,04/2033,uerdh,bgxgj"
"3174735760288723,FRTKQ,09/2025,kkiuh,bjvnz"
"1432403583408167,FQWOS,07/2019,tqnvp,burlf"
"6276137351010373,GODHU,02/2032,ztbty,fjgsn"
"3950767678848922,ATBKC,10/2026,dfptm,mxpnb"
"4773980312503257,NMOTU,09/2019,tbelf,pzztv"
"1286769208024531,QNKNA,08/2036,imota,barrr"
"5665344382096297,GVCHF,08/2021,votlc,nffrp"
"9197545618495019,XQTKT,10/2024,zkkux,inqml"
"254986577790329,XGFPC,01/2032,bwdgo,phdtg"
"8466400275642494,TQRHJ,12/2040,cxzmx,dpibn"
"4834404264394496,AQFBR,02/2034,zvmqb,vpzmf"
"6430468845018423,ZQNMA,01/2036,qxywl,gptst"
"3408262800918649,WEFMF,06/2039,oesct,ntwok"
"6215754545794236,TPVAS,03/2019,bdwyb,xrzit"
"8805218019727648,CRCOK,02/2032,vsnzz,wkwxg"
"5525657543158919,KYZCO,10/2027,ebske,ucuwc"
"170475169626135,PQRBY,03/2017,irfuv,tlxks"
"7304211490217366,BJAOY,11/2022,mbenh,ppkwr"
"2560745952182182,TOWEA,01/2030,kaqzo,lneiz"
"9644257971124629,AHSPG,11/2041,ymaqb,obsxf"
"609612361092517,VPLDQ,03/2020,fnvrk,ihiyl"
"6077497618798854,BTIBU,09/2020,dathe,cdsla"
"8035828079672759,JRGVM,04/2034,dgcqj,uutoh"
"5259973169617254,MSIWR,08/2036,jgwci,unupw"
"2056222500963008,QIBJJ,02/2039,ykjny,utnji"
"8179192609784836,YYWUF,01/2027,tprrz,soola"
"2248542027421824,LIXSW,04/2027,bqbrn,zlyre"
"2334006061878225,TTVWS,05/2017,hbbga,oyewa"
"5464241590089137,HZYLA,03/2030,jctib,qtebl"
"7490264575904735,QEUIO,02/2033,uzejc,frtam"
"2388733337604861,PJSRC,07/2024,bzuqt,bqoup"
"8131957557749678,GFYIM,11/2017,pwfbx,bqjav"
"6178664979502052,CUCEZ,10/2018,ctkhp,fksad"
"4553520689368560,DDVGD,11/2018,bvjml,uaain"
"3339906674045529,XGKZQ,08/2032,zyfvq,ilvke"
"5428790953851698,AILNQ,07/2038,dzubm,rlnkf"
"1008101029643166,QDZXZ,01/2038,ztfzp,lzspg"
"125696954672748,NKFZQ,05/2033,awoxo,hsclc"
"8650593843675819,DZLCG,08/2030,yygrj,ewyta"
"5120390920154893,UPUUX,09/2021,bvuiy,wdlvx"
"5376113639569265,CUPMF,04/2031,woitl,oapen"
"2076281644294114,UKRZW,07/2037,fbdao,dqtic"
"9779442289773877,YNONL,04/2040,fweqb,xcewt"
"5253565700292308,AXECZ,01/2022,fwqhk,wtjgc"
"3735965957813297,KEYHB,09/2023,qaite,azicp"
"7586140403937943,EYAHH,09/2038,xtryb,enqiu"
"9395894070795698,LCDWV,01/2023,qzjzy,fhnxu"
"2998827323371989,EDURE,06/2021,ufkel,dsbpz"
"6840616086700646,OZSNE,04/2020,ltvzy,pldkn"
"3984253090363878,BZTDU,07/2026,sakgz,noeya"
"9365264420939689,BBSQY,05/2029,cqlbg,owklp"
"5441341663021407,DYTSB,10/2022,kgmbr,xdihk"
"1161038688775035,GCYOT,11/2039,jkhfg,bhrbi"
"2023456571033084,IHMJD,01/2039,golcw,dcsmg"
"9325772300111148,MODCN,07/2023,exrut,wjrsg"
"7227987038193471,OUFJG,02/2037,wlptr,wwuso"
"7708209215830396,HNOAZ,08/2041,atrey,ghqny"
"5894101786195863,HERWV,01/2027,aqmmq,gwikr"
"9836395956831362,WYYER,09/2033,qwltp,nkath"
"7836266479978334,ZMEUH,04/2025,hajif,vtpyt"
"1498275710081710,CPUZE,04/2031,wnbbi,zktaf"
"4466343847625206,EXALC,04/2022,exyvu,hntbo"
"4978772866874884,TAVOT,01/2037,whveg,lrvsf"
"5368375537973730,IQOZJ,03/2021,rokdh,izwge"
"6776596448199621,HQBPA,06/2036,waila,cvcqu"
"4935506186990859,XBHCK,05/2039,sqnjf,jkbpx"
"5181406508704886,SMVKQ,04/2040,ipeup,risoy"
"694380341479034,XXYBP,01/2020,hbpiu,krbxa"
"5581702190604183,DWYJD,04/2025,cudzh,puhlo"
"2755271783346105,SLINT,03/2022,ikzmz,ukgve"
"9117029916536063,JLSKS,07/2028,oirjs,exxev"
"1359687793531799,IZKSK,10/2034,swznm,hzqgn"
"7522878494995195,EWOVH,07/2036,qsnni,feunw"
"8193824364777005,GGXNO,03/2039,avork,cxjsq"
"9026067260061538,ZAIWV,11/2035,txfmk,infyo"
"1377347615838819,ZHZWH,04/2038,najin,zubsm"
"4026694874204320,SEAMB,08/2029,rcuel,fsdmz"
"5682831054123806,BECED,08/2029,qpojt,rjzcx"
"1131512227280775,PSXBI,06/2020,xwmbr,lkewg"
"203186062262912,TMUAM,07/2027,yqsie,ynibb"
"673190036781048,UQQAV,10/2037,ixtjn,ycqit"
"4979116811608964,RCMEO,08/2038,darwz,msgxr"
"1961751825294050,LFIBU,08/2040,vcyfw,ztrsz"
"4056843775866653,IVBJI,10/2030,pnaxo,olgna"
"6570970051711839,ALFRN,08/2022,tbehr,wwwfi"
"7353486683143159,TCREV,12/2022,gczok,hiuir"
"9431493668127962,VLTDN,11/2039,exjiy,bocwi"
"6374349060082584,OAGJV,12/2017,qyuzv,awrwu"
"2975104287240481,RBXAL,10/2038,szxbo,rigyj"
"7644253181066840,NXBTV,06/2021,kxfid,pnqjs"
"4785288879365082,BVYPL,09/2038,oodrc,tgfea"
"46779731480218,KMEEW,01/2032,stfvh,piuiv"
"8868071813470164,COFFF,10/2026,ygzjq,ymxtl"
"2883392980214499,YYUBX,01/2037,phubf,gugrx"
"5490549346745570,JZBEY,09/2017,vpzyq,oprad"
"6561205878909238,HTPRP,03/2036,wnmvi,loder"
"7686133890046856,SIPCP,01/2038,xirdq,csbfp"
"9105115890700248,IRAJW,02/2029,suovx,nasvr"
"4695456618168953,COPBL,12/2035,zmqkg,akkyj"
"8279071175957674,IYFNX,02/2041,pgdva,nqdma"
"9578029933590384,PQVYC,08/2021,pjbus,vpghn"
"6450439266780361,XNXUC,09/2024,incnn,hhzsu"
"9355276756685828,QKDOI,12/2022,nzzna,qpcdy"
"1755240337395090,TDFHB,07/2019,htwdm,hxomm"
"9131261399135069,NCJBX,06/2018,mnqci,atzqr"
"7048963652456958,RQPUT,09/2025,skqjg,aoajr"
"3573779227798358,HUTSN,09/2040,trlyn,chide"
"2318025017349177,WPLPT,02/2035,hgydw,qdyqa"
"2567330803703415,ENRFX,04/2039,tanwi,qvzoj"
"2367076468286999,XATLV,09/2022,qzflj,zaizu"
"6784278434320545,RXBML,11/2019,gxfjc,phqaj"
"2877782620235003,NPOWL,06/2028,sfshp,ceppu"
"8851142060650646,YLSDC,05/2040,dsfyf,tvsyy"
"5966169232644742,YWFCY,08/2036,zyinr,lleji"
"1204244858446890,MLGYE,12/2025,phdnu,hlkie"
"6840067088175148,DJUYF,03/2038,ybrqa,reypv"
"4234323659321899,KQCWV,01/2027,cvkko,jdddj"
"5467063429851524,EELUG,11/2019,hgrye,otkzx"
"9615819974681720,YECMG,03/2020,yjwzv,ykhqc"
"4710058731215227,AMEJC,05/2017,wgzyh,tecwf"
"7870336136413429,DCHFK,04/2031,cdxxd,staio"
"2252096919769462,DYESH,06/2028,yjgrq,secrv"
"8443360058401064,KORJL,05/2021,pqbzn,qgggj"
"723987953058547,KUGQG,02/2028,wmfjh,zkfof"
"9549765214664244,NNSBD,03/2023,ibfwa,relpm"
"9027781822152717,EFKGC,05/2029,sfzrw,lmkfo"
"9790125063188354,TADKU,01/2023,diouq,uqkse"
"1695413203420797,VAJHB,08/2029,qxwph,xvgts"
"721175179917329,BPXHB,04/2029,vlyez,nrgqx"
"3964543715184646,RGCOY,11/2028,qxqmu,xjlom"
"5859279146881242,EGUAY,01/2023,matgq,vwnkl"
"8922868606110183,IDGUJ,07/2041,xfcqm,pkmks"
"7935692489456611,QTRBI,11/2032,eboor,mrmci"
"5898392555748090,VUIUW,05/2019,yximh,tnxpy"
"342351917285017,CLBBV,02/2019,oceix,clzvg"
"386283512743118,XPMQW,08/2017,egpxv,ulznk"
"5938200303724058,CZBNA,01/2025,pcjli,hkfts"
"9608423280478694,WROLY,02/2026,lpxfg,smurx"
"6256301387770293,UMXXB,09/2026,knyvt,serri"
"2572382045013297,AKEWX,02/2023,rxtuo,kprsh"
"7124622501392391,SZMDK,11/2027,bufqg,ebces"
"4845144370866599,QXXST,10/2035,ihzuj,dguwi"
"1500962682572489,RYWQS,03/2018,ltufy,stpmm"
"3123957451492148,ZYORM,04/2040,rcayf,apbat"
"729967506495270,QRDZH,07/2020,imhgz,qjrze"
"9835312871536631,EVCTF,04/2022,jojby,ecmre"
"9266250515446294,YHRQJ,05/2019,qrvsa,vekow"
"9860410694697229,OPYGJ,11/2037,samth,srhzj"
"4201306689006436,IHEAQ,10/2041,xhvuo,tpwez"
"491888134492574,OHPYZ,01/2034,jmino,tjqec"
"1865862854147549,FPHUF,02/2034,ylmcc,wrkdy"
"9672185460555664,ZPKPE,01/2037,vcinc,bhtvp"
"3209574698623179,INPNM,05/2038,bpdbl,mwrwt"
"4079231923614990,WHTQO,03/2037,tsgwl,zeicl"
"3096734144707209,ZRLCO,06/2038,voeop,dbeel"
"595355794247594,SZUHZ,01/2038,nxazd,utfig"
"9405744261538832,SIPZD,09/2023,hgumh,wxjeg"
"5208041741110138,IIEKD,05/2027,abjpu,zlunl"
"6706097699674080,JAVYU,04/2025,naprl,fcmvd"
"1257632710725774,AUBKW,07/2030,xjnzp,vtakc"
"2373843758880942,ONLZC,08/2020,sqkrt,grxyt"
"3632036376328,PYUPB,06/2041,ogtlk,bhvtf"
"2255499213528797,SWEYV,02/2028,eduuo,atxja"
"1278043246136152,RMTPG,08/2027,wyqsb,zgktl"
"3783657490555746,URLNJ,07/2017,tsdqq,jhhrk"
"6694919076069057,DMHAD,11/2019,fqznp,rjrvd"
"4250491142869594,RPOZZ,01/2023,lygwq,valhe"
"7542589826688456,QTDLY,11/2024,wijgz,qchnb"
"7933546482959832,PJHZD,07/2041,jiqyh,cxvat"
"1900984419359977,WVZKO,04/2032,mdsla,nitui"
"2387741151045250,MXJOQ,08/2037,nfcbz,rwsqh"
"5553942630201003,RVMNA,08/2040,cthwa,gbwdf"
"9903824441632134,GYZXP,07/2024,orxvn,feljc"
"97065931887836,MWJPP,10/2023,flqaz,qwdte"
"1297401035119351,ABUMH,12/2040,pemfk,wxayg"
"4660956732641997,FLDSN,07/2029,thlch,wmtdr"
"5661377629466836,DPQUX,04/2040,suyyg,jkrtc"
"2723020147835447,AEJBK,09/2035,tdfrx,viyzw"
"9579277299373632,TZSHX,04/2025,ggodk,tspbn"
"708142612516156,XBEPL,06/2024,xnowq,mgsiy"
"3419985659076791,WLLKY,01/2025,engxr,chtvf"
"3804351822940618,QDVIF,04/2032,tghjy,gwawk"
"7003559936196764,LBCPE,07/2031,krrwa,obczj"
"3684712701385989,XSZVK,12/2030,dcbvg,agtng"
"8382987026566058,GZTXV,03/2017,ucqnk,tlbqe"
"4884110605115135,VASLX,12/2028,kkcsj,dlzaf"
"8512489662193193,ZGWBH,01/2032,yortd,uvqfd"
"1722521459586456,GQAUJ,04/2029,xzsun,hqvwv"
"983919792908048,STOZX,10/2034,zmzcs,nnsbh"
"2381116068654214,DRVMP,03/2025,jlyts,ncrvx"
"8539623118901023,ZWOJB,03/2027,gvjlf,yyfod"
"3423488118604957,HVWPS,03/2023,wqnko,tlenr"
"1438510156273578,ODJKI,10/2020,upsch,odkqr"
"3330140225513587,QTDLQ,01/2035,gnbda,wcseu"
"1823230376501007,GFZVX,09/2018,eivsd,swfeo"
"4515626353517297,RJOCO,10/2032,iyjsx,zangm"
"2441899372974470,IZMUL,10/2018,auxui,ucgsu"
"9845557564789955,PQBXF,08/2023,plony,msiqb"
"9199225935089158,FPIPH,02/2031,nqtiw,xzbyk"
"9133688242226410,FICQJ,07/2036,ilvgt,ylzgj"
"9456514254790220,FYKXG,12/2025,rcwtn,gjhyl"
"5692202965740751,FGEIT,06/2028,jqcpo,ghhnh"
"4480223627511144,KABJG,06/2029,izvmj,fdafb"
"2285892047248592,CNHZP,02/2030,nhuca,ggjhb"
"8916501773981302,SACXD,04/2017,jubhf,sgkok"
"7129257159407065,RGFYR,12/2019,xzekt,secsv"
"5012342028297213,FEQSX,01/2021,eyhom,skrnj"
"7889033874037291,SQHDQ,06/2032,yadmb,lczjp"
"103521550679443,TLGKT,03/2019,doper,xfafd"
"3323266229085193,NMKXL,01/2036,tzgvl,ybzme"
"4956785088820962,PKFEE,11/2020,uiwnm,kwvum"
"5099740269892107,VORZW,04/2037,jiopx,ojvfj"
"9855356085981631,HMFOH,07/2027,cacgk,wqrmg"
"1744450916056597,RIPNV,07/2024,vxple,cvzhu"
"6258464610677996,YESXU,06/2022,xqqxb,ydhba"
"5810616141591244,PXBKV,03/2029,gzmje,iqfck"
"6540074912939917,ACVIF,05/2017,fckbv,sjpit"
"2216411049007531,EJVDB,03/2038,xcuof,wiiep"
"3886768793081996,CCAFR,05/2019,hivfv,zppyi"
"9922438901654891,MOCQA,01/2017,lwtjt,dzvox"
"9082183099614076,ERNKX,06/2030,unzfd,ltycx"
"4073479776656963,WTRTU,05/2037,rueug,jifws"
"2121609440671838,CJZMA,01/2035,fkppa,rgqlb"
"5953189120482137,RSXGS,08/2036,stbnr,bokwk"
"9468417831584522,LLSBB,05/2037,uovlo,zctrc"
"780054663842087,NNWSI,05/2035,atefp,eaxpc"
"9082776872182785,IFZKA,08/2034,hgjuc,mnulj"
"3327141979159738,QXMSL,12/2018,yifpf,sicpg"
"9321920497407716,YASWG,09/2029,ofbgs,gvqhe"
"8012603490397229,DRAZX,04/2021,rzesa,xkiii"
"3809607014643632,RGUAE,02/2040,jwfgq,hbjnx"
"9354055051441475,XKSCF,04/2019,ekjes,bpqcb"
"4383578933136496,YYAIN,03/2036,hnagt,vfngi"
"9498460863990535,ZNGMX,10/2040,yanhe,rkdxr"
"741703333119192,NPXSL,10/2017,ezrwj,hffwv"
"3046582717091642,PQLYP,11/2024,gnrte,pwalp"
"3072696825219058,USILW,06/2038,jyoqg,epmgi"
"613673649531075,LIHFE,09/2024,prupl,sxfie"
"2040477092456054,PKNHE,04/2035,hexlq,pncle"
"1459203606362006,NSMBX,04/2021,snaww,lnvjk"
"3806371586941610,XBYPV,02/2031,hatzo,gngff"
"5393255477012769,UPUET,04/2037,uhemn,jaksb"
"4057890658249257,MMMIU,02/2023,gmhlx,rapno"
"4338944162726179,WDIVJ,09/2018,eihjq,rnktg"
"6783649681598162,TQGCH,05/2025,bddbc,bulov"
"4539165214218050,FWLXP,08/2031,xblrz,zlemc"
"9813168613451224,CZNON,06/2038,misnf,pvvkw"
"5238786354429563,NSANE,04/2033,eljvr,cvmhv"
"7968227912625136,DMBTQ,06/2024,sycgs,swimg"
"1690694434228986,PCIVF,06/2038,qnqdl,uujoc"
"4955511930281185,ECGCE,03/2032,duaas,imjbe"
"8344739607667871,GPEBH,10/2038,edagf,zalso"
"8140969418271621,SNIBJ,07/2032,xzdnk,hqwne"
"6492867057282457,SGFLE,01/2026,euovo,cewep"
"3065853468655120,RWBHH,08/2019,iafjk,kqbua"
"8936699355342163,NAMAO,01/2027,okjzm,abmqy"
"2975226905556221,TAQRV,09/2030,kxepn,pbvya"
"4515691792905957,HQOEE,02/2041,sgosa,lxwfi"
"8681762115519126,ECMQL,07/2023,ooswn,ffpwq"
"6435495887613399,KDTUH,07/2033,vcrvy,mowwh"
"325547321815554,PEKGZ,04/2024,jazyt,xebbk"
